{"cameraMode":{"drawMode":0,"name":"Shaded","section":"Shading Mode"},"sceneLighting":true,"audioPlay":false,"sceneViewState":{"m_AlwaysRefresh":false,"showFog":true,"showSkybox":true,"showFlares":true,"showImageEffects":true,"showParticleSystems":true,"showVisualEffectGraphs":true,"m_FxEnabled":true},"in2DMode":false,"pivot":{"x":-29.802154541015626,"y":13.14283275604248,"z":-3.840056896209717},"rotation":{"x":0.1722274124622345,"y":0.8236986398696899,"z":-0.33455735445022585,"w":0.42403680086135867},"size":-0.33164411783218386,"orthographic":false}